店番・店舗名,住所・電話番号,ATM営業時間,取扱サービス・施設,"混雑状況 ※
          "
"

        店番：420
相生支店
",〒806-0058北九州市八幡西区鉄竜1-4-16TEL：093-621-0436,"
              平　日：8:00〜21:00
                    土曜日：8:00〜21:00
                    日曜日：8:00〜21:00
",,"


"
"

        店番：412
折尾支店
",〒807-0825北九州市八幡西区折尾1-13-6TEL：093-601-0531,"
              平　日：7:00〜23:00
                    土曜日：8:00〜21:00
                    日曜日：8:00〜21:00
",,"


"
"

        店番：413
黒崎支店
",〒806-0021北九州市八幡西区黒崎3-2-2TEL：093-631-6611,"
              平　日：7:00〜23:00
                    土曜日：8:00〜21:00
                    日曜日：8:00〜21:00
",,"


"
"

        店番：425
小嶺支店
",〒807-1112北九州市八幡西区千代1-1-10TEL：093-613-1300,"
              平　日：8:00〜21:00
                    土曜日：8:00〜21:00
                    日曜日：8:00〜21:00
",,"


"
"

        店番：426
三ヶ森支店
",〒807-0843北九州市八幡西区三ヶ森4-11-14TEL：093-611-2300,"
              平　日：8:00〜21:00
                    土曜日：8:00〜21:00
                    日曜日：8:00〜21:00
",,"


"
"

        店番：416
七条支店
",〒805-0015北九州市八幡東区荒生田2-2-23TEL：093-651-2733,"
              平　日：8:00〜21:00
                    土曜日：8:00〜21:00
                    日曜日：8:00〜21:00
",,"


"
"

        店番：427
高須支店
",〒808-0144北九州市若松区高須東4-1-43TEL：093-741-0030,"
              平　日：8:00〜21:00
                    土曜日：8:00〜21:00
                    日曜日：8:00〜21:00
",,"


"
"

        店番：417
戸畑支店
",〒804-0067北九州市戸畑区汐井町1-8TEL：093-871-3121,"
              平　日：8:00〜21:00
                    土曜日：8:00〜21:00
                    日曜日：8:00〜21:00
",,"


"
"

        店番：428
ひびきの支店
",〒808-0131北九州市若松区塩屋2-1-14TEL：093-741-2531,"
              平　日：8:00〜21:00
                    土曜日：8:00〜21:00
                    日曜日：8:00〜21:00
",,"


"
"

        店番：424
二島支店
",〒808-0105北九州市若松区鴨生田2-3-9TEL：093-701-3533,"
              平　日：8:00〜21:00
                    土曜日：8:00〜21:00
                    日曜日：8:00〜21:00
",,"


"
"

        店番：411
八幡支店
",〒805-0019北九州市八幡東区中央2-7-21TEL：093-662-7111,"
              平　日：7:00〜23:00
                    土曜日：8:00〜21:00
                    日曜日：8:00〜21:00
",,"


"
"

        店番：419
若松支店
",〒808-0025北九州市若松区中川町4-1TEL：093-761-5031,"
              平　日：8:00〜21:00
                    土曜日：8:00〜21:00
                    日曜日：8:00〜21:00
",,"


"
